{"cameraMode":{"drawMode":0,"name":"Shaded","section":"Shading Mode"},"sceneLighting":false,"audioPlay":false,"sceneViewState":{"m_AlwaysRefresh":false,"showFog":true,"showSkybox":false,"showFlares":true,"showImageEffects":true,"showParticleSystems":true,"showVisualEffectGraphs":true,"m_FxEnabled":true},"in2DMode":false,"pivot":{"x":0.5868387818336487,"y":0.7545375823974609,"z":1.0422089099884034},"rotation":{"x":0.05632587522268295,"y":0.667546808719635,"z":-0.050763074308633807,"w":0.7406987547874451},"size":1.1541316509246827,"orthographic":false}