{"cameraMode":{"drawMode":0,"name":"Shaded","section":"Shading Mode"},"sceneLighting":false,"audioPlay":false,"sceneViewState":{"m_AlwaysRefresh":false,"showFog":true,"showSkybox":false,"showFlares":true,"showImageEffects":true,"showParticleSystems":true,"showVisualEffectGraphs":true,"m_FxEnabled":true},"in2DMode":false,"pivot":{"x":0.44745126366615298,"y":1.0159850120544434,"z":1.2926267385482789},"rotation":{"x":0.058138735592365268,"y":0.8021844625473023,"z":-0.079189233481884,"w":0.5889443755149841},"size":1.2171119451522828,"orthographic":false}