{"cameraMode":{"drawMode":0,"name":"Shaded","section":"Shading Mode"},"sceneLighting":true,"audioPlay":false,"sceneViewState":{"m_AlwaysRefresh":false,"showFog":true,"showSkybox":true,"showFlares":true,"showImageEffects":true,"showParticleSystems":true,"showVisualEffectGraphs":true,"m_FxEnabled":true},"in2DMode":false,"pivot":{"x":-7.64699649810791,"y":1.0403449535369874,"z":0.5641293525695801},"rotation":{"x":0.056315578520298007,"y":0.8093127608299255,"z":-0.07866726070642472,"w":0.5793609619140625},"size":1.3889268636703492,"orthographic":false}