{"cameraMode":{"drawMode":0,"name":"Shaded","section":"Shading Mode"},"sceneLighting":false,"audioPlay":false,"sceneViewState":{"m_AlwaysRefresh":false,"showFog":true,"showSkybox":false,"showFlares":true,"showImageEffects":true,"showParticleSystems":true,"showVisualEffectGraphs":true,"m_FxEnabled":true},"in2DMode":false,"pivot":{"x":8.195638656616211e-8,"y":-0.05142151936888695,"z":-0.18170246481895448},"rotation":{"x":0.09940607845783234,"y":0.5470272302627564,"z":-0.0656263530254364,"w":0.8286003470420837},"size":0.41898292303085329,"orthographic":false}