{"cameraMode":{"drawMode":0,"name":"Shaded","section":"Shading Mode"},"sceneLighting":false,"audioPlay":false,"sceneViewState":{"m_AlwaysRefresh":false,"showFog":true,"showSkybox":false,"showFlares":true,"showImageEffects":true,"showParticleSystems":true,"showVisualEffectGraphs":true,"m_FxEnabled":true},"in2DMode":false,"pivot":{"x":-0.17807796597480775,"y":-0.01353243738412857,"z":0.006133729591965675},"rotation":{"x":0.09940607845783234,"y":0.5470272302627564,"z":-0.0656263530254364,"w":0.8286003470420837},"size":0.4907664656639099,"orthographic":false}