{"cameraMode":{"drawMode":0,"name":"Shaded","section":"Shading Mode"},"sceneLighting":false,"audioPlay":false,"sceneViewState":{"m_AlwaysRefresh":false,"showFog":true,"showSkybox":false,"showFlares":true,"showImageEffects":true,"showParticleSystems":true,"showVisualEffectGraphs":true,"m_FxEnabled":true},"in2DMode":false,"pivot":{"x":2.552138566970825,"y":1.498441219329834,"z":-4.366599082946777},"rotation":{"x":0.12212349474430084,"y":-0.26028212904930117,"z":0.033207766711711887,"w":0.9572028517723084},"size":0.0011173204984515906,"orthographic":false}